Х,Слово с кандзи,Слово с каной,Изображение,Произношение,Пример,Перевод,Мнемоник,Часть речи,,Метка,Х
1,ああ(嗚呼),ああ,,[sound:ああ(嗚呼)_b.mp3],,"ах, ой, да",,междометие,JLPT5,6-4,1
2,会う,あう,,[sound:会う_b.mp3],,"встречаться, видеться",,глагол,JLPT5,6-4,1
3,青い,あおい,,[sound:青い_b.mp3],,"синий, голубой, зеленый, незрелый, бледный (о лице)",,прилагательное,JLPT5,6-4,2
4,赤い,あかい,,[sound:赤い_b.mp3],,красный,,прилагательное,JLPT5,6-4,0
5,明るい,あかるい,,[sound:明るい_b.mp3],,"светлый, радостный, счастливый, честный",,прилагательное,JLPT5,6-4,0.3
6,秋,あき,,[sound:秋_b.mp3],,осень,,время,JLPT5,6-4,1
7,開く,あく,,[sound:開く_b.mp3],,"открываться, раскрываться, освобождаться, быть свободным",,глагол,JLPT5,6-4,0.2
8,開ける,あける,,[sound:開ける_b.mp3],,открывать,,глагол,JLPT5,6-4,0
9,上げる,あげる,,[sound:あげる_b.mp3],,"дарить, давать",,глагол,JLPT5,5-3,0
10,朝,あさ,,[sound:朝_b.mp3],,утро,,время,JLPT5,6-4,1
11,朝御飯,あさごはん,,[sound:朝御飯_b.mp3],,завтрак,,еда,JLPT5,6-4,3
12,明後日,あさって,,[sound:明後日_b.mp3],,послезавтра,,время,JLPT5,6-4,2
13,足,あし,,[sound:足_b.mp3],,"нога, лапа",,части тела,JLPT5,6-4,2
14,明日,あした,,[sound:明日_b.mp3],,завтра,,время,JLPT5,6-4,3
15,あそこ(彼処),あそこ,,[sound:あそこ(彼処)_b.mp3],,то место,,местоимения,JLPT5,6-4,0
16,暖かい、温かい,あそぶ,,[sound:暖かい、温かい_b.mp3],,"играть, развлекаться",,глагол,JLPT5,6-4,0
17,暖かい,あたたかい,,[sound:暖かい_b.mp3],,теплый,,прилагательное,JLPT5,6-4,4
18,頭,あたま,,[sound:頭_b.mp3],,голова,,части тела,JLPT5,6-4,0.3
19,新しい,あたらしい,,[sound:新しい_b.mp3],,новый,,прилагательное,JLPT5,6-4,4
20,あちら( 彼方),あちら,,[sound:あちら( 彼方)_b.mp3],,"та сторона, там",,местоимение,JLPT5,6-4,0
21,厚い,あつい,,[sound:厚い_b.mp3],,"толстый (о плоских предм.), теплый, сердечный",,прилагательное,JLPT5,6-4,0
22,暑い,あつい,,[sound:暑い_b.mp3],,"горячий, жаркий",,прилагательное,JLPT5,6-4,2
23,熱い,あつい,,[sound:熱い_b.mp3],,"горячий, жаркий",,прилагательное,JLPT5,6-4,2
24,後,あと,,[sound:後_b.mp3],,"после, позади",,послелог,JLPT5,6-4,1
25,貴女 (あなた),あなた,,[sound:貴女 (あなた)_b.mp3],,Вы,,местоимение,JLPT5,6-4,2
26,兄,あに,,[sound:兄_b.mp3],,старший брат,,семья,JLPT5,6-4,1
27,姉,あね,,[sound:姉_b.mp3],,старшая сестра,,семья,JLPT5,6-4,0
28,あの,あの,,[sound:あの_b.mp3],,послушайте,,междометие,JLPT5,5-3,0
29,あの (彼の),あの,,[sound:あの (彼の)_b.mp3],,тот,,местоимение,JLPT5,6-4,0
30,アパート,アパート,,[sound:アパート_b.mp3],,"многоквартирный дом, квартира",,гайрайго,JLPT5,5-3,2
31,浴びる,あびる,,[sound:浴びる_b.mp3],,"обливаться, быть залитым",,глагол,JLPT5,6-4,0.3
32,危ない,あぶない,,[sound:危ない_b.mp3],,"опасный, рискованный",,прилагательное,JLPT5,6-4,0.3
33,甘い,あまい,,[sound:甘い_b.mp3],,"сладкий, снисходительный",,прилагательное,JLPT5,6-4,0
34,余り,あまり,,[sound:余り_b.mp3],,"остаток, излишек,(ни) - очень, слишком, чересчур",,наречие,JLPT5,6-4,0.3
35,雨,あめ,,[sound:雨_b.mp3],,дождь,,природа,JLPT5,6-4,1
36,洗う,あらう,,[sound:洗う_b.mp3],,"мыть, стирать, смывать",,глагол,JLPT5,6-4,0
37,在る[бытие],ある,,[sound:在る[бытие]_b.mp3],,"существовать,находиться, быть",,глагол,JLPT5,6-4,1
38,有る[местонахождение],ある,,[sound:有る[местонахождение]_b.mp3],,"существовать,находиться, быть",,глагол,JLPT5,6-4,1
39,歩く,あるく,,[sound:歩く_b.mp3],,"идти, ходить пешком",,глагол,JLPT5,6-4,2
40,あれ,あれ,,[sound:あれ_b.mp3],,"то, это 2 ой, как?",,местоимение,JLPT5,5-3,0
41,良い,いい／よい,,[sound:良い_b.mp3],,"хороший, подходящий",,прилагательное,JLPT5,6-4,1
42,いいえ( 否),いいえ,,[sound:いいえ( 否)_b.mp3],,нет,,междометие,JLPT5,6-4,3
43,（いいえ）何う-致しまして。,いいえ）どういたしまして,,[sound:（いいえ）何う-致しまして。_b.mp3],,не за что (на спасибо),,этикет,JLPT5,6-4,(3)1-4
44,言う,いう,,[sound:言う_b.mp3],,"говорить, сказать, сообщать, рассказывать",,глагол,JLPT5,6-4,0.2
45,家,いえ,,[sound:家_b.mp3],,дом,,дом,JLPT5,6-4,2
46,行く,いく／ゆく,,[sound:行く_b.mp3],,"идти, ехать, направляться",,глагол,JLPT5,6-4,0
47,幾つ,いくつ,,[sound:幾つ_b.mp3],,сколько (лет)?,,местоимения,JLPT5,6-4,1
48,幾ら,いくら,,[sound:幾ら_b.mp3],,сколько? ,,местоимения,JLPT5,6-4,1
49,池,いけ,,[sound:池_b.mp3],,пруд,,природа,JLPT5,6-4,2
50,医者,いしゃ,,[sound:医者_b.mp3],,"врач, доктор",,медицина,JLPT5,6-4,0
51,椅子,いす,,[sound:椅子_b.mp3],,стул,,дом,JLPT5,6-4,0
52,忙しい,いそがしい,,[sound:忙しい_b.mp3],,занятый,,прилагательное,JLPT5,6-4,4
53,痛い,いたい,,[sound:痛い_b.mp3],,больно,,прилагательное,JLPT5,6-4,2
54,頂きます。(戴きます),いただきます,,[sound:頂きます。(戴きます)_b.mp3],,"приятного аппетита, ""отведаю"" (говорится перед едой)",,этикет,JLPT5,6-4,5
55,一,いち,,[sound:一_b.mp3],,один,,числа,JLPT5,6-4,2
56,一々,いちいち,,[sound:一々_b.mp3],,по одному,,наречия,JLPT5,6-4,2
57,一日,いちにち,,[sound:一日_b.mp3],,целый день,,время,JLPT5,6-4,4
58,一番,いちばん,,[sound:一番_b.mp3],,самый,,наречие,JLPT5,6-4,2／0
59,何時,いつ,,[sound:何時_b.mp3],,когда,,местоимения,JLPT5,6-4,1
60,五日,いつか,,[sound:五日_b.mp3],,"пятое число, пять дней",,время,JLPT5,6-4,0
61,一緒,いっしょ,,[sound:一緒_b.mp3],,вместе,,наречия,JLPT5,6-4,0
62,一体,いったい,,[sound:一体_b.mp3],,"собственно, вообще",,наречия,JLPT5,6-4,0
63,五つ,いつつ,,[sound:五つ_b.mp3],,пять,,числа,JLPT5,6-4,2
64,何時も,いつも,,[sound:何時も_b.mp3],,всегда,,наречие,JLPT5,6-4,1
65,今,いま,,[sound:今_b.mp3],,сейчас,,время,JLPT5,6-4,1
66,意味,いみ,,[sound:意味_b.mp3],,"смысл, значение",,речь,JLPT5,6-4,1
67,妹（さん）,いもうと(さん),,[sound:妹（さん）_b.mp3],,младшая сестра,,семья,JLPT5,6-4,0.4
68,嫌,いや,,[sound:嫌_b.mp3],,"неприятный, противный, нет, не хочу",,прилагательное,JLPT5,6-4,2
69,いらっしゃいませ。,いらっしゃいませ,,[sound:いらっしゃいませ。_b.mp3],,"добро пожаловать, чем могу служить?",,этикет,JLPT5,6-4,4(6)
70,入口,いりくち,,[sound:入口_b.mp3],,вход,,город,JLPT5,6-4,0
71,居る,いる,,[sound:居る_b.mp3],,"быть, существовать (об одуш.)",,глагол,JLPT5,6-4,0
72,要る,いる,,[sound:要る_b.mp3],,нуждаться,,глагол,JLPT5,6-4,0
73,入れる,いれる,,[sound:入れる_b.mp3],,"класть во что-л, наливать, помещать, вмещать, впускать",,глагол,JLPT5,6-4,0
74,色,いろ,,[sound:色_b.mp3],,цвет,,цвет,JLPT5,6-4,2
75,色々,いろいろ,,[sound:色々_b.mp3],,различный,,наречия,JLPT5,6-4,0
76,岩,いわ,,[sound:岩_b.mp3],,скала,,природа,JLPT5,6-4,2
77,上,うえ,,[sound:上_b.mp3],,"верх, верхняя часть",,послелог,JLPT5,6-4,0
78,後ろ,うしろ,,[sound:後ろ_b.mp3],,"позади, сзади",,послелог,JLPT5,6-4,0
79,薄い,うすい,,[sound:薄い_b.mp3],,"тонкий, светлый, неяркий, жидкий, слабый",,прилагательное,JLPT5,6-4,0
80,歌,うた,,[sound:歌_b.mp3],,"песня, стихи, поэзия",,искусство,JLPT5,6-4,2
81,歌う,うたう,,[sound:歌う_b.mp3],,петь,,глагол,JLPT5,6-4,0
82,家,うち,,[sound:家_b.mp3],,дом,,дом,JLPT5,6-4,0
83,生まれる,うまれる,,[sound:生まれる_b.mp3],,рождаться,,глагол,JLPT5,6-4,0
84,海,うみ,,[sound:海_b.mp3],,море,,природа,JLPT5,6-4,1
85,売る,うる,,[sound:売る_b.mp3],,продавать,,глагол,JLPT5,6-4,0
86,上着,うわぎ,,[sound:上着_b.mp3],,"пиджак, верхняя одежда",,одежда,JLPT5,6-4,0
87,絵,え,,[sound:絵_b.mp3],,"картина, рисунок, иллюстрация",,искусство,JLPT5,6-4,1
88,映画,えいが,,[sound:映画_b.mp3],,"кино, фильм",,искусство,JLPT5,6-4,0.1
89,映画館,えいがかん,,[sound:映画館_b.mp3],,кинотеатр,,искусство,JLPT5,6-4,3
90,英語,えいご,,[sound:英語_b.mp3],,английский язык,,речь,JLPT5,6-4,0
91,ええ,ええ,,[sound:ええ_b.mp3],,да,,междометие,JLPT5,5-3,1
92,駅,えき,,[sound:駅_b.mp3],,станция,,город,JLPT5,6-4,1
93,エレベーター,エレベーター,,[sound:エレベーター_b.mp3],,лифт (elevator),,гайрайго,JLPT5,5-3,3
94,〜円,えん,,[sound:〜円_b.mp3],,"иена, круг",,сч. Суффиксы,JLPT5,6-4,
95,鉛筆,えんぴつ,,[sound:鉛筆_b.mp3],,карандаш,,учеба,JLPT5,6-4,0
96,御〜,お／おん〜,,[sound:御〜_b.mp3],,вежл. префикс,,суф,JLPT5,6-4,
97,美味しい (おいしい),おいしい,,[sound:美味しい (おいしい)_b.mp3],,вкусный,,прилагательное,JLPT5,6-4,0
98,大きい,おおきい,,[sound:大きい_b.mp3],,большой,,прилагательное,JLPT5,6-4,3
99,大勢,おおぜい,,[sound:大勢_b.mp3],,много (народа),,наречие,JLPT5,6-4,3
100,お母さん,おかあさん,,[sound:お母さん_b.mp3],,мама (обр),,семья,JLPT5,6-4,2
101,お菓子,おかし,,[sound:お菓子_b.mp3],,сладости ,,еда,JLPT5,6-4,2
102,お金,おかね,,[sound:お金_b.mp3],,"металл, деньги ",,экономика,JLPT5,6-4,0
103,起きる,おきる,,[sound:起きる_b.mp3],,"вставать, происходить, случаться",,глагол,JLPT5,6-4,2
104,置く,おく,,[sound:置く_b.mp3],,"класть, ставить",,глагол,JLPT5,6-4,0
105,奥さん,おくさん,,[sound:奥さん_b.mp3],,"Ваша жена, госпожа…",,семья,JLPT5,6-4,1
106,送る,おくる,,[sound:送る_b.mp3],,"посылать, отправлять, провожать",,глагол,JLPT5,6-4,
107,お酒,おさけ,,[sound:お酒_b.mp3],,"сакэ, вино, спиртные напитки",,еда,JLPT5,6-4,0
108,お皿,おさら,,[sound:お皿_b.mp3],,"тарелка, блюдо",,посуда,JLPT5,6-4,0
109,叔父、伯父（さん）,おじ(さん),,[sound:叔父、伯父（さん）_b.mp3],,дядя,,семья,JLPT5,6-4,0
110,"お爺さん, お祖父さん",おじいさん,,"[sound:お爺さん, お祖父さん_b.mp3]",,дедушка,,семья,JLPT5,6-4,2
111,教える,おしえる,,[sound:教える_b.mp3],,"преподавать, учить, объяснять",,глагол,JLPT5,6-4,0
112,押す,おす,,[sound:押す_b.mp3],,"толкать, нажимать, давить",,глагол,JLPT5,6-4,0
113,遅い,おそい,,[sound:遅い_b.mp3],,"поздний, медленный",,прилагательное,JLPT5,6-4,0
114,お茶,おちゃ,,[sound:お茶_b.mp3],,чай зеленый ,,еда,JLPT5,6-4,0
115,御手洗い,おてあらい,,[sound:御手洗い_b.mp3],,"туалет, уборная",,дом,JLPT5,6-4,3
116,お父さん,おとうさん,,[sound:お父さん_b.mp3],,папа (обращение),,семья,JLPT5,6-4,2
117,弟,おとうと(さん),,[sound:弟_b.mp3],,младший брат,,семья,JLPT5,6-4,4
118,男,おとこ,,[sound:男_b.mp3],,мужчина,,люди,JLPT5,6-4,3
119,男の子,おとこのこ,,[sound:男の子_b.mp3],,мальчик,,люди,JLPT5,6-4,3
120,一昨日,おととい,,[sound:一昨日_b.mp3],,позавчера,,время,JLPT5,6-4,0.3
121,一昨年,おととし,,[sound:一昨年_b.mp3],,позапрошлый год,,время,JLPT5,6-4,2
122,大人,おとな,,[sound:大人_b.mp3],,взрослый,,люди,JLPT5,6-4,0
123,お腹,おなか,,[sound:お腹_b.mp3],,"живот, желудок",,части тела,JLPT5,6-4,0
124,同じ,おなじ,,[sound:同じ_b.mp3],,"тот же самый, один и тот же, такой же, одинаковый",,прилагательное,JLPT5,6-4,0
125,お兄さん,おにいさん,,[sound:お兄さん_b.mp3],,"Ваш старший брат, братик (обращение в семье), браток (обращение)",,семья,JLPT5,6-4,2
126,お姉さん,おねえさん,,[sound:お姉さん_b.mp3],,"Ваша старшая сестра, сестричка, девушка (обращение на улице)",,семья,JLPT5,6-4,2
127,御願い-します。,おねがいします,,[sound:御願い-します。_b.mp3],,пожалуйста,,этикет,JLPT5,6-4,0-2
128,叔母、伯母（さん）,おば(さん),,[sound:叔母、伯母（さん）_b.mp3],,тетя,,семья,JLPT5,6-4,0
129,"お祖母さん, お婆さん",おばあさん,,"[sound:お祖母さん, お婆さん_b.mp3]",,бабушка,,семья,JLPT5,6-4,2
130,御早う御座います。,おはよう(ございます),,[sound:御早う御座います。_b.mp3],,Доброе утро! (до полудня),,этикет,JLPT5,6-4,8
131,御弁当,おべんとう,,[sound:御弁当_b.mp3],,обед в коробочке,,еда,JLPT5,6-4,0
132,覚える,おぼえる,,[sound:覚える_b.mp3],,запоминать,,глагол,JLPT5,6-4,3
133,重い,おもい,,[sound:重い_b.mp3],,тяжелый,,прилагательное,JLPT5,6-4,0
134,面白い,おもしろい,,[sound:面白い_b.mp3],,"интересный, забавный",,прилагательное,JLPT5,6-4,4
135,お休みなさい。,おやすみなさい,,[sound:お休みなさい。_b.mp3],,спокойной ночи,,этикет,JLPT5,6-4,6
136,泳ぐ,およぐ,,[sound:泳ぐ_b.mp3],,плавать,,глагол,JLPT5,6-4,2
137,降りる,おりる,,[sound:降りる_b.mp3],,"спускаться, сходить вниз, высаживаться из транспорта",,глагол,JLPT5,6-4,2
138,終わる,おわる,,[sound:終わる_b.mp3],,заканчивать,,глагол,JLPT5,6-4,0
139,音楽,おんがく,,[sound:音楽_b.mp3],,музыка,,искусство,JLPT5,6-4,0.1
140,女,おんな,,[sound:女_b.mp3],,женщина,,люди,JLPT5,6-4,3
141,女の子,おんなのこ,,[sound:女の子_b.mp3],,"девушка, девочка",,люди,JLPT5,6-4,3
142,〜回,かい,,[sound:〜回_b.mp3],,сч суффикс для числа раз,,сч. Суффиксы,JLPT5,6-4,
143,〜階,かい,,[sound:〜階_b.mp3],,...этаж,,сч. Суффиксы,JLPT5,6-4,
144,外国,がいこく,,[sound:外国_b.mp3],,"заграница, иностранное государство",,,JLPT5,6-4,0
145,外国人,がいこくじん,,[sound:外国人_b.mp3],,иностранец,,люди,JLPT5,6-4,4
146,会社,かいしゃ,,[sound:会社_b.mp3],,"фирма, компания",,работа,JLPT5,6-4,0
147,階段,かいだん,,[sound:階段_b.mp3],,лестница,,дом,JLPT5,6-4,0
148,買い物,かいもの,,[sound:買い物_b.mp3],,покупка,,экономика,JLPT5,6-4,0
149,買う,かう,,[sound:買う_b.mp3],,покупать,,глагол,JLPT5,6-4,0
150,返す,かえす,,[sound:返す_b.mp3],,"возвращать, отдавать обратно",,глагол,JLPT5,6-4,1
151,帰る,かえる,,[sound:帰る_b.mp3],,"возвращаться, уходить (домой, обратно)",,глагол,JLPT5,6-4,1
152,顔,かお,,[sound:顔_b.mp3],,лицо,,части тела,JLPT5,6-4,0
153,掛かる,かかる,,[sound:掛かる_b.mp3],,"висеть на...2. зацепляться за…3. требоваться, стоить 4. приниматься за что-л, приступать к работе",,глагол,JLPT5,6-4,2
154,鍵,かぎ,,[sound:鍵_b.mp3],,ключ,,дом,JLPT5,6-4,2
155,書く、描く,かく,,[sound:書く、描く_b.mp3],,писать,,глагол,JLPT5,6-4,1
156,学生,がくせい,,[sound:学生_b.mp3],,студент,,учеба,JLPT5,6-4,0
157,"〜箇月, 〜ヶ月",かげつ,,"[sound:〜箇月, 〜ヶ月_b.mp3]",,"…месяца (временной отрезок, с числ.)",,время,JLPT5,6-4,
158,掛ける,かける,,[sound:掛ける_b.mp3],,"звонить по телефону - 電話をかける, надевать очки - 「眼鏡をかける」",,глагол,JLPT5,6-4,2
159,傘,かさ,,[sound:傘_b.mp3],,зонт,,одежда,JLPT5,6-4,1
160,貸す,かす,,[sound:貸す_b.mp3],,"одалживать, давать взаймы",,глагол,JLPT5,6-4,0
161,風邪,かぜ,,[sound:風邪_b.mp3],,"простуда, грипп",,медицина,JLPT5,6-4,0
162,風,かぜ,,[sound:風_b.mp3],,ветер,,природа,JLPT5,6-4,0
163,家族,かぞく,,[sound:家族_b.mp3],,семья,,семья,JLPT5,6-4,1
164,方,かた,,[sound:方_b.mp3],,"человек, лицо (вежл)",,люди,JLPT5,6-4,0
165,片仮名,かたかな,,[sound:片仮名_b.mp3],,катакана,,речь,JLPT5,6-4,2.3
166,〜月,がつ,,[sound:〜月_b.mp3],,с числ. название месяца,,время,JLPT5,6-4,
167,学校,がっこう,,[sound:学校_b.mp3],,школа,,учеба,JLPT5,6-4,0
168,角,かど,,[sound:角_b.mp3],,угол (внешний),,,JLPT5,6-4,1
169,家内,かない,,[sound:家内_b.mp3],,жена (о 1 лице),,семья,JLPT5,6-4,1
170,鞄,かばん,,[sound:鞄_b.mp3],,"чемодан, портфель",,одежда,JLPT5,6-4,0
171,花瓶,かびん,,[sound:花瓶_b.mp3],,цветочная ваза,,посуда,JLPT5,6-4,0
172,被る,かぶる,,[sound:被る_b.mp3],,"надевать на голову, обливаться, быть обсыпанным, покрытым…, брать на себя (вину)",,глагол,JLPT5,6-4,2
173,紙,かみ,,[sound:紙_b.mp3],,бумага,,,JLPT5,6-4,2
174,カメラ,カメラ,,[sound:カメラ_b.mp3],,фотоаппарат,,гайрайго,JLPT5,5-3,1
175,火曜日,かようび,,[sound:火曜日_b.mp3],,вторник,,дни недели,JLPT5,6-4,2
176,辛い,からい,,[sound:辛い_b.mp3],,"острый, горький, крепкий, пересоленный",,прилагательное,JLPT5,6-4,2
177,体,からだ,,[sound:体_b.mp3],,переносное значение здоровье,,части тела,JLPT5,6-4,0
178,借りる,かりる,,[sound:借りる_b.mp3],,"брать взаймы, занимать",,глагол,JLPT5,6-4,0
179,〜がる,がる,,[sound:〜がる_b.mp3],,чувствовать…,,суф,JLPT5,6-4,
180,軽い,かるい,,[sound:軽い_b.mp3],,легкий,,прилагательное,JLPT5,6-4,0
181,カレンダー,カレンダー,,[sound:カレンダー_b.mp3],,календарь,,гайрайго,JLPT5,5-3,2
182,川、河,かわ,,[sound:川、河_b.mp3],,река,,природа,JLPT5,6-4,2
183,〜側,がわ,,[sound:〜側_b.mp3],,сторона,,суф,JLPT5,6-4,
184,可愛い,かわいい,,[sound:可愛い_b.mp3],,"милый, славный, прелестный, хорошенький",,прилагательное,JLPT5,6-4,3
185,漢字,かんじ,,[sound:漢字_b.mp3],,"иероглиф, кандзи",,речь,JLPT5,6-4,0
186,木,き,,[sound:木_b.mp3],,дерево,,природа,JLPT5,6-4,1
187,黄色い,きいろい,,[sound:黄色い_b.mp3],,желтый,,прилагательное,JLPT5,6-4,0
188,消える,きえる,,[sound:消える_b.mp3],,"гаснуть, быть потушенным, пропадать, таять, исчезать",,глагол,JLPT5,6-4,0
189,聞く,きく,,[sound:聞く_b.mp3],,"слышать, слушать, узнавать, спрашивать",,глагол,JLPT5,6-4,0
190,北,きた,,[sound:北_b.mp3],,север,,геогр.,JLPT5,6-4,0.2
191,ギター,ギター,,[sound:ギター_b.mp3],,гитара,,гайрайго,JLPT5,5-3,0.1
192,汚い,きたない,,[sound:汚い_b.mp3],,"грязный, запачканный, подлый, низкий",,прилагательное,JLPT5,6-4,3
193,喫茶点,きっさてん,,[sound:喫茶点_b.mp3],,кафе,,город,JLPT5,6-4,0.3
194,切手,きって,,[sound:切手_b.mp3],,(почтовая) марка,,почта,JLPT5,6-4,0
195,切符,きっぷ,,[sound:切符_b.mp3],,"билет, талон",,,JLPT5,6-4,0
196,昨日,きのう,,[sound:昨日_b.mp3],,вчера,,время,JLPT5,6-4,0.2
197,九,きゅう,,[sound:九_b.mp3],,девять,,числа,JLPT5,6-4,1
198,牛肉,ぎゅうにく,,[sound:牛肉_b.mp3],,говядина,,еда,JLPT5,6-4,0
199,牛乳,ぎゅうにゅう,,[sound:牛乳_b.mp3],,молоко,,еда,JLPT5,6-4,0
200,今日,きょう,,[sound:今日_b.mp3],,сегодня,,время,JLPT5,6-4,1
201,教室,きょうしつ,,[sound:教室_b.mp3],,"класс, аудитория (помещение)",,учеба,JLPT5,6-4,0
202,兄弟,きょうだい,,[sound:兄弟_b.mp3],,братья ,,семья,JLPT5,6-4,1
203,去年,きょねん,,[sound:去年_b.mp3],,прошлый год,,время,JLPT5,6-4,1
204,嫌い,きらい,,[sound:嫌い_b.mp3],,"нелюбимый, вызывающий отвращение (на)",,прилагательное,JLPT5,6-4,0
205,切る、斬る,きる,,[sound:切る、斬る_b.mp3],,"резать, прерывать, сбавлять",,глагол,JLPT5,6-4,1
206,着る,きる,,[sound:着る_b.mp3],,надевать одежду,,глагол,JLPT5,6-4,0.2
207,奇麗,きれい,,[sound:奇麗_b.mp3],,"красивый, чистый",,прилагательное,JLPT5,6-4,1
208,キロ（グラム）,キロ（グラム）,,[sound:キロ（グラム）_b.mp3],,"килограмм, километр, kilogramme (франц.)",,гайрайго,JLPT5,5-3,0(3)
209,キロ（メートル）,キロ（メートル）,,[sound:キロ（メートル）_b.mp3],,"километр, kilomètre (франц.)",,гайрайго,JLPT5,5-3,0(3)
210,銀行,ぎんこう,,[sound:銀行_b.mp3],,банк,,экономика,JLPT5,6-4,0
211,金曜日,きんようび,,[sound:金曜日_b.mp3],,пятница,,дни недели,JLPT5,6-4,3
212,九,く,,[sound:九_b.mp3],,девять,,числа,JLPT5,6-4,1
213,薬,くすり,,[sound:薬_b.mp3],,лекарство,,медицина,JLPT5,6-4,0
214,下さい,ください,,[sound:下さい_b.mp3],,пожалуйста,,,JLPT5,6-4,3
215,果物,くだもの,,[sound:果物_b.mp3],,фрукты,,еда,JLPT5,6-4,2
216,口,くち,,[sound:口_b.mp3],,"рот,губы, язык, речь",,части тела,JLPT5,6-4,0
217,靴,くつ,,[sound:靴_b.mp3],,"обувь, туфли, ботинки",,одежда,JLPT5,6-4,2
218,靴下,くつした,,[sound:靴下_b.mp3],,носки,,одежда,JLPT5,6-4,2.4
219,国,くに,,[sound:国_b.mp3],,"страна, государство",,геогр.,JLPT5,6-4,0
220,曇る,くもる,,[sound:曇る_b.mp3],,становиться пасмурным,,глагол,JLPT5,6-4,2
221,暗い,くらい,,[sound:暗い_b.mp3],,"темный, пасмурный, несведущий",,прилагательное,JLPT5,6-4,0
222,〜位,くらい／ぐらい,,[sound:〜位_b.mp3],,приблизительно….,,частица,JLPT5,6-4,
223,クラス,クラス,,[sound:クラス_b.mp3],,класс,,гайрайго,JLPT5,5-3,1
224,グラス,グラス,,[sound:グラス_b.mp3],,стакан,,гайрайго,JLPT5,5-3,0.1
225,来る,くる,,[sound:来る_b.mp3],,приходить,,глагол,JLPT5,6-4,1
226,車,くるま,,[sound:車_b.mp3],,"колесо, автомобиль, вагон, телега",,транспорт,JLPT5,6-4,0
227,黒い,くろい,,[sound:黒い_b.mp3],,черный ,,прилагательное,JLPT5,6-4,2
228,今朝,けさ,,[sound:今朝_b.mp3],,сегодня утром,,время,JLPT5,6-4,1
229,消す,けす,,[sound:消す_b.mp3],,"тушить, гасить, стирать, вычеркивать",,глагол,JLPT5,6-4,0
230,結構,けっこう,,[sound:結構_b.mp3],,"прекрасный, великолепный (на) - , (дэс) достаточно, вполне",,прилагательное,JLPT5,6-4,"0,3／1／1"
231,結婚（する）,けっこん,,[sound:結婚（する）_b.mp3],,"брак, женитьба, замужество",,семья,JLPT5,6-4,0
232,月曜日,げつようび,,[sound:月曜日_b.mp3],,понедельник,,дни недели,JLPT5,6-4,3
233,玄関,げんかん,,[sound:玄関_b.mp3],,"подъезд, передняя",,дом,JLPT5,6-4,1
234,元気,げんき,,[sound:元気_b.mp3],,"бодрость, энергия, хорошее настроение, здоровье",,,JLPT5,6-4,1
235,〜個,こ,,[sound:〜個_b.mp3],,сч суф мелких предметов (штука),,сч. Суффиксы,JLPT5,6-4,
236,〜語,ご,,[sound:〜語_b.mp3],,..язык (суф. названия языка),,суф,JLPT5,6-4,
237,五,ご,,[sound:五_b.mp3],,пять,,числа,JLPT5,6-4,1
238,公園,こうえん,,[sound:公園_b.mp3],,"парк, сквер",,город,JLPT5,6-4,0
239,交番,こうばん,,[sound:交番_b.mp3],,"полицейский пост, будка",,город,JLPT5,6-4,0
240,声,こえ,,[sound:声_b.mp3],,голос,,речь,JLPT5,6-4,1
241,コート,コート,,[sound:コート_b.mp3],,пальто,,гайрайго,JLPT5,5-3,1
242,此処,ここ,,[sound:此処_b.mp3],,"здесь, это место",,местоимения,JLPT5,6-4,0
243,午後,ごご,,[sound:午後_b.mp3],,"вторая половина дня, после полудня",,время,JLPT5,6-4,1
244,九日,ここのか,,[sound:九日_b.mp3],,"девятое число, девять дней",,время,JLPT5,6-4,4
245,九つ,ここのつ,,[sound:九つ_b.mp3],,девять,,числа,JLPT5,6-4,2
246,（御）主人,ごしゅじん,,[sound:（御）主人_b.mp3],,муж (2-3 лица),,семья,JLPT5,6-4,(2)1
247,午前,ごぜん,,[sound:午前_b.mp3],,"до полудня, первая половина дня",,время,JLPT5,6-4,1
248,答える,こたえる,,[sound:答える_b.mp3],,отвечать,,глагол,JLPT5,6-4,2.3
249,御馳走様（でした）。,ごちそうさま(でした),,[sound:御馳走様（でした）。_b.mp3],,спасибо за угощение,,этикет,JLPT5,6-4,"0,6(7)"
250,こちら,こちら,,[sound:こちら_b.mp3],,"здесь, это место",,местоимения,JLPT5,5-3,0
251,こちらこそ,こちらこそ,,[sound:こちらこそ_b.mp3],,вот именно,,этикет,JLPT5,5-3,4
252,コップ,コップ,,[sound:コップ_b.mp3],,"стакан, бокал, kop (голл.)",,гайрайго,JLPT5,5-3,0
253,今年,ことし,,[sound:今年_b.mp3],,этот год,,время,JLPT5,6-4,0
254,言葉,ことば,,[sound:言葉_b.mp3],,"язык, речь, слово, выражение, оборот речи",,речь,JLPT5,6-4,3
255,子供,こども,,[sound:子供_b.mp3],,"ребенок, дети",,люди,JLPT5,6-4,0
256,此の (この),この,,[sound:此の (この)_b.mp3],,этот,,местоимения,JLPT5,6-4,0
257,御飯,ごはん,,[sound:御飯_b.mp3],,"(вареный) рис, еда",,еда,JLPT5,6-4,1
258,困る,こまる,,[sound:困る_b.mp3],,"затрудняться, быть в затруднении",,глагол,JLPT5,6-4,2
259,御免ください。,ごめんください,,[sound:御免ください。_b.mp3],,"извините (разрешите), можно войти?",,этикет,JLPT5,6-4,6
260,御免なさい。,ごめんなさい,,[sound:御免なさい。_b.mp3],,"извините (разрешите), можно войти?",,этикет,JLPT5,6-4,5
261,此れ、是 (この),この,,[sound:此れ、是 (この)_b.mp3],,это,,местоимение,JLPT5,6-4,0
262,〜頃,"ころ, ごろ",,[sound:〜頃_b.mp3],,примерно в …,,время,JLPT5,6-4,
263,今月,こんげつ,,[sound:今月_b.mp3],,этот месяц,,время,JLPT5,6-4,0
264,今週,こんしゅう,,[sound:今週_b.mp3],,эта неделя,,время,JLPT5,6-4,0
265,こんな,こんな,,[sound:こんな_b.mp3],,"такой, подобный",,местоимение,JLPT5,5-3,0
266,今日は。,こんにちは,,[sound:今日は。_b.mp3],,"здравствуйте!, добрый день!",,этикет,JLPT5,6-4,5
267,今晩,こんばん,,[sound:今晩_b.mp3],,"этот вечер, сегодня вечером",,время,JLPT5,6-4,1
268,今晩は。,こんばんは,,[sound:今晩は。_b.mp3],,добрый вечер!,,этикет,JLPT5,6-4,5
269,さあ,さあ,,[sound:さあ_b.mp3],,выражает сомнение или побуждение (ну),,междометие,JLPT5,5-3,1
270,〜歳,さい,,[sound:〜歳_b.mp3],,…лет (с числ),,сч. Суффиксы,JLPT5,6-4,
271,魚,さかな,,[sound:魚_b.mp3],,рыба,,еда,JLPT5,6-4,0
272,先,さき,,[sound:先_b.mp3],,"острие, кончик, верхушка, (ни) - впереди, дальше",,послелог,JLPT5,6-4,0
273,咲く,さく,,[sound:咲く_b.mp3],,"цвести, расцветать",,глагол,JLPT5,6-4,0
274,作文,さくぶん,,[sound:作文_b.mp3],,школьное сочинение,,учеба,JLPT5,6-4,0
275,差す,さす,,[sound:差す_b.mp3],,"прибывать (о воде), проступать (о цвете), падать, освещать (о свете), наливать, ставить цветы в вазу, раскрывать зонтик",,глагол,JLPT5,6-4,1
276,〜冊,さつ,,[sound:〜冊_b.mp3],,сч суф для книг,,сч. Суффиксы,JLPT5,6-4,
277,雑誌,ざっし,,[sound:雑誌_b.mp3],,журнал,,культура,JLPT5,6-4,0
278,砂糖,さとう,,[sound:砂糖_b.mp3],,сахар,,еда,JLPT5,6-4,2
279,寒い,さむい,,[sound:寒い_b.mp3],,холодный,,прилагательное,JLPT5,6-4,2
280,左様なら,さよなら／さようなら。,,[sound:左様なら_b.mp3],,до свидания!,,этикет,JLPT5,6-4,"3,4 / 4,5"
281,再来年,さらいねん,,[sound:再来年_b.mp3],,через год,,время,JLPT5,6-4,0
282,〜さん「様」,さん,,[sound:〜さん「様」_b.mp3],,господин… (при обращении),,суф,JLPT5,6-4,
283,三,さん,,[sound:三_b.mp3],,три,,числа,JLPT5,6-4,0
284,散歩（する）,さんぽ（する）,,[sound:散歩（する）_b.mp3],,прогулка,,,JLPT5,6-4,0
285,四,し,,[sound:四_b.mp3],,четыре,,числа,JLPT5,6-4,1
286,〜時,じ,,[sound:〜時_b.mp3],,"с числ. час, время",,время,JLPT5,6-4,
287,塩,しお,,[sound:塩_b.mp3],,соль,,еда,JLPT5,6-4,2
288,然し,しかし,,[sound:然し_b.mp3],,"но, однако",,союз,JLPT5,6-4,2
289,時間,じかん,,[sound:時間_b.mp3],,"время, период времени, момент",,время,JLPT5,6-4,0
290,〜時間,じかん,,[sound:〜時間_b.mp3],,с числ. час,,сч. Суффиксы,JLPT5,6-4,1
291,仕事,しごと,,[sound:仕事_b.mp3],,"работа, занятие",,работа,JLPT5,6-4,0
292,辞書,じしょ,,[sound:辞書_b.mp3],,словарь,,речь,JLPT5,6-4,1
293,静か,しずか,,[sound:静か_b.mp3],,"тихий, спокойный ",,прилагательное,JLPT5,6-4,1
294,下,した,,[sound:下_b.mp3],,низ,,послелог,JLPT5,6-4,0.2
295,七,しち,,[sound:七_b.mp3],,семь,,числа,JLPT5,6-4,2
296,質問,しつもん,,[sound:質問_b.mp3],,"вопрос, запрос",,речь,JLPT5,6-4,0
297,失礼しました,しつれいしました,,[sound:失礼しました_b.mp3],,извините…,,этикет,JLPT5,6-4,2-Feb
298,失礼-します。,しつれいします。,,[sound:失礼-します。_b.mp3],,извините,,этикет,JLPT5,6-4,2-Feb
299,自転車,じてんしゃ,,[sound:自転車_b.mp3],,велосипед,,транспорт,JLPT5,6-4,0.2
300,自動車,じどうしゃ,,[sound:自動車_b.mp3],,автомобиль,,транспорт,JLPT5,6-4,0.2
301,死ぬ,しぬ,,[sound:死ぬ_b.mp3],,умирать,,глагол,JLPT5,6-4,0
302,字引,じびき,,[sound:字引_b.mp3],,словарь,,речь,JLPT5,6-4,3
303,自分,じぶん,,[sound:自分_b.mp3],,сам,,местоимения,JLPT5,6-4,0
304,閉まる,しまる,,[sound:閉まる_b.mp3],,"быть закрытым, быть сжатым, напряженным, быть затянутым, быть бережливым",,глагол,JLPT5,6-4,2
305,"締める, ",しめる,,"[sound:締める, _b.mp3]",,"завязывать, затягивать",,глагол,JLPT5,6-4,2
306,閉める,しめる,,[sound:閉める_b.mp3],,"закрывать, запирать, завязывать",,глагол,JLPT5,6-4,2
307,じゃ(あ),じゃ(あ),,[sound:じゃ(あ)_b.mp3],,"ну, тогда , в таком случае",,междометие,JLPT5,5-3,1
308,写真,しゃしん,,[sound:写真_b.mp3],,фотография,,,JLPT5,6-4,0
309,shirt,シャツ,,[sound:shirt_b.mp3],,"рубашка, сорочка (мужская)",,одежда,JLPT5,6-4,1
310,十,じゅう,,[sound:十_b.mp3],,десять,,числа,JLPT5,6-4,1
311,〜週間,しゅうかん,,[sound:〜週間_b.mp3],,неделя,,время,JLPT5,6-4,
312,授業,じゅぎょう,,[sound:授業_b.mp3],,"преподавание, обучение, уроки",,учеба,JLPT5,6-4,1
313,宿題,しゅくだい,,[sound:宿題_b.mp3],,домашнее задание,,учеба,JLPT5,6-4,0
314,上手,じょうず,,[sound:上手_b.mp3],,"умелый, искусный",,прилагательное,JLPT5,6-4,3
315,丈夫,じょうぶ,,[sound:丈夫_b.mp3],,"здоровый, крепкий, прочный",,прилагательное,JLPT5,6-4,0
316,醤油,しょうゆ,,[sound:醤油_b.mp3],,соевый соус,,еда,JLPT5,6-4,0
317,食堂,しょくどう,,[sound:食堂_b.mp3],,столовая,,еда,JLPT5,6-4,0
318,知る,しる,,[sound:知る_b.mp3],,"знать, узнавать",,глагол,JLPT5,6-4,0
319,白い,しろい,,[sound:白い_b.mp3],,белый ,,прилагательное,JLPT5,6-4,2
320,〜人,じん,,[sound:〜人_b.mp3],,суф национальности,,суф,JLPT5,6-4,
321,新聞,しんぶん,,[sound:新聞_b.mp3],,газета,,культура,JLPT5,6-4,0
322,水曜日,すいようび,,[sound:水曜日_b.mp3],,среда,,дни недели,JLPT5,6-4,3
323,吸う,すう,,[sound:吸う_b.mp3],,"вдыхать, втягивать, всасывать",,глагол,JLPT5,6-4,0
324,スカート,スカート,,[sound:スカート_b.mp3],,юбка,,гайрайго,JLPT5,5-3,2
325,好き,すき,,[sound:好き_b.mp3],,"любимый, нравящийся",,прилагательное,JLPT5,6-4,2
326,〜過ぎ,すぎ,,[sound:〜過ぎ_b.mp3],,"после…, сверх…",,суф,JLPT5,6-4,
327,直ぐ,すぐ,,[sound:直ぐ_b.mp3],,"сразу, немедленно, сейчас же, скоро",,наречие,JLPT5,6-4,1
328,少し,すこし,,[sound:少し_b.mp3],,"немного, немножко",,наречие,JLPT5,6-4,2
329,涼しい,すずしい,,[sound:涼しい_b.mp3],,"прохладный, освежающий",,прилагательное,JLPT5,6-4,3
330,〜ずつ,ずつ,,[sound:〜ずつ_b.mp3],,по… (после числ)  ,,суф,JLPT5,6-4,
331,ストーブ,ストーブ,,[sound:ストーブ_b.mp3],,металлическая печка,,гайрайго,JLPT5,5-3,2
332,スプーン,スプーン,,[sound:スプーン_b.mp3],,ложка,,гайрайго,JLPT5,5-3,2
333,スポーツ,スポーツ,,[sound:スポーツ_b.mp3],,спорт,,гайрайго,JLPT5,5-3,2
334,ズボン,ズボン,,[sound:ズボン_b.mp3],,"брюки, jupon (франц.)",,гайрайго,JLPT5,5-3,1.2
335,済みません,すみません,,[sound:済みません_b.mp3],,"извините, прошу прощения, виноват",,этикет,JLPT5,6-4,4
336,住む,すむ,,[sound:住む_b.mp3],,"жить, проживать где либо",,глагол,JLPT5,6-4,1
337,スリッパ,スリッパ,,[sound:スリッパ_b.mp3],,тапочки,,гайрайго,JLPT5,5-3,1.2
338,為る,する,,[sound:為る_b.mp3],,делать,,глагол,JLPT5,6-4,0
339,座る,すわる,,[sound:座る_b.mp3],,"сидеть, садиться",,глагол,JLPT5,6-4,0
340,背,せい,,[sound:背_b.mp3],,рост,,части тела,JLPT5,6-4,1
341,生徒,せいと,,[sound:生徒_b.mp3],,ученик,,учеба,JLPT5,6-4,1
342,セーター,セーター,,[sound:セーター_b.mp3],,свитер,,гайрайго,JLPT5,5-3,1
343,石鹸,せっけん,,[sound:石鹸_b.mp3],,мыло,,дом,JLPT5,6-4,0
344,背広,せびろ,,[sound:背広_b.mp3],,мужской костюм,,одежда,JLPT5,6-4,0
345,狭い,せまい,,[sound:狭い_b.mp3],,"узкий, тесный",,прилагательное,JLPT5,6-4,2
346,ゼロ,ゼロ,,[sound:ゼロ_b.mp3],,нуль ,,гайрайго,JLPT5,5-3,1
347,千,せん,,[sound:千_b.mp3],,тысяча,,числа,JLPT5,6-4,1
348,先月,せんげつ,,[sound:先月_b.mp3],,прошлый месяц,,время,JLPT5,6-4,1
349,先週,せんしゅう,,[sound:先週_b.mp3],,прошлая неделя,,время,JLPT5,6-4,0
350,先生,せんせい,,[sound:先生_b.mp3],,учитель,,учеба,JLPT5,6-4,3
351,洗濯（する）,せんたく（する）,,[sound:洗濯（する）_b.mp3],,стирка,,дом,JLPT5,6-4,0
352,全部,ぜんぶ,,[sound:全部_b.mp3],,"все, целиком",,наречие,JLPT5,6-4,1
353,そう,そう,,[sound:そう_b.mp3],,да （...です。),,междометие,JLPT5,5-3,1
354,掃除（する）,そうじ（する）,,[sound:掃除（する）_b.mp3],,уборка,,дом,JLPT5,6-4,0
355,然(う)して,そうして／そして,,[sound:然(う)して_b.mp3],,и…,,союз,JLPT5,6-4,0
356,其処 (そこ),そこ,,[sound:其処 (そこ)_b.mp3],,это( то) место,,местоимения,JLPT5,6-4,0
357,其方 (そちら),そちら,,[sound:其方 (そちら)_b.mp3],,"место, где Вы живете, ваша семья",,местоимения,JLPT5,6-4,0
358,外,そと,,[sound:外_b.mp3],,снаружи,,послелог,JLPT5,6-4,1
359,其の,その,,[sound:其の_b.mp3],,"этот, это, эта",,местоимения,JLPT5,6-4,0
360,側,そば,,[sound:側_b.mp3],,"рядом, возле, поблизости",,послелог,JLPT5,6-4,1
361,空,そら,,[sound:空_b.mp3],,"небо, (но) - пустой",,природа,JLPT5,6-4,1
362,其れ,それ,,[sound:其れ_b.mp3],,(э)то,,местоимения,JLPT5,6-4,0
363,其れから,それから,,[sound:其れから_b.mp3],,затем,,союз,JLPT5,6-4,0
364,其れでは,それでは,,[sound:其れでは_b.mp3],,в таком случае,,союз,JLPT5,6-4,3
365,〜台,だい,,[sound:〜台_b.mp3],,"счетный суффикс для механизмов, подставка",,сч. Суффиксы,JLPT5,6-4,
366,大学,だいがく,,[sound:大学_b.mp3],,университет,,учеба,JLPT5,6-4,0
367,大使館,たいしかん,,[sound:大使館_b.mp3],,посольство,,,JLPT5,6-4,3
368,大丈夫,だいじょうぶ,,[sound:大丈夫_b.mp3],,все в порядке,,прилагательное,JLPT5,6-4,3
369,大好き,だいすき,,[sound:大好き_b.mp3],,очень люблю,,прилагательное,JLPT5,6-4,1
370,大切,たいせつ,,[sound:大切_b.mp3],,важный,,прилагательное,JLPT5,6-4,0
371,大抵,たいてい,,[sound:大抵_b.mp3],,"большей частью, обычно",,наречие,JLPT5,6-4,0
372,台所,だいどころ,,[sound:台所_b.mp3],,кухня,,дом,JLPT5,6-4,0
373,たいへん,たいへん,,[sound:たいへん_b.mp3],,"очень, ужасно",,наречие,JLPT5,5-3,0
374,高い,たかい,,[sound:高い_b.mp3],,"высокий, дорогой",,прилагательное,JLPT5,6-4,2
375,沢山,たくさん,,[sound:沢山_b.mp3],,много,,наречие,JLPT5,6-4,3／0
376,タクシー,タクシー,,[sound:タクシー_b.mp3],,такси,,гайрайго,JLPT5,5-3,1
377,出す,だす,,[sound:出す_b.mp3],,вынимать,,глагол,JLPT5,6-4,1
378,〜達,たち,,[sound:〜達_b.mp3],,суф. мн. числа людей,,суф,JLPT5,6-4,
379,立つ,たつ,,[sound:立つ_b.mp3],,"вставать, подниматься",,глагол,JLPT5,6-4,1
380,建物,たてもの,,[sound:建物_b.mp3],,"здание, строение",,город,JLPT5,6-4,2.3
381,楽しい,たのしい,,[sound:楽しい_b.mp3],,приятный,,прилагательное,JLPT5,6-4,3
382,頼む,たのむ,,[sound:頼む_b.mp3],,просить,,глагол,JLPT5,6-4,2
383,煙草,たばこ,,[sound:煙草_b.mp3],,сигареты,,,JLPT5,6-4,0
384,多分,たぶん,,[sound:多分_b.mp3],,"наверное, вероятно",,наречие,JLPT5,6-4,1
385,食べ物,たべもの,,[sound:食べ物_b.mp3],,еда,,еда,JLPT5,6-4,2.3
386,食べる,たべる,,[sound:食べる_b.mp3],,есть,,глагол,JLPT5,6-4,2
387,卵,たまご,,[sound:卵_b.mp3],,яйцо,,еда,JLPT5,6-4,2
388,誰,たれ,,[sound:誰_b.mp3],,кто?,,местоимения,JLPT5,6-4,1
389,誕生日,たんじょうび,,[sound:誕生日_b.mp3],,день рождения,,праздники,JLPT5,6-4,3
390,段々,だんだん,,[sound:段々_b.mp3],,постепенно,,наречие,JLPT5,6-4,0.3
391,小さい,ちいさい,,[sound:小さい_b.mp3],,маленький,,прилагательное,JLPT5,6-4,3
392,近い,ちかい,,[sound:近い_b.mp3],,близкий,,прилагательное,JLPT5,6-4,2
393,違う,ちがう,,[sound:違う_b.mp3],,"отличаться, нет",,глагол,JLPT5,6-4,0
394,近く,ちかく,,[sound:近く_b.mp3],,"близко, поблизости",,прилагательное,JLPT5,6-4,1.2
395,地下鉄,ちかてつ,,[sound:地下鉄_b.mp3],,метро,,транспорт,JLPT5,6-4,0
396,地図,ちず,,[sound:地図_b.mp3],,карта,,геогр.,JLPT5,6-4,1
397,父,ちち,,[sound:父_b.mp3],,отец,,семья,JLPT5,6-4,1.2
398,茶色,ちゃいろ,,[sound:茶色_b.mp3],,светло-коричневый цвет,,цвет,JLPT5,6-4,0
399,茶碗,ちゃわん,,[sound:茶碗_b.mp3],,чайная чашка,,посуда,JLPT5,6-4,0
400,〜中,ちゅう,,[sound:〜中_b.mp3],,"в течение…, во время….",,суф,JLPT5,6-4,
401,"丁度, 恰度",ちょうど,,"[sound:丁度, 恰度_b.mp3]",,"как раз, точно, ровно",,наречие,JLPT5,6-4,0
402,一寸,ちょっと,,[sound:一寸_b.mp3],,"немного, немножко, чуть-чуть",,наречие,JLPT5,6-4,1
403,一日,ついたち,,[sound:一日_b.mp3],,первое число месяца,,время,JLPT5,6-4,4
404,使う,つかう,,[sound:使う_b.mp3],,"применять, пользоваться",,глагол,JLPT5,6-4,0
405,疲れる,つかれる,,[sound:疲れる_b.mp3],,уставать,,глагол,JLPT5,6-4,3
406,次ぎ,つぎ,,[sound:次ぎ_b.mp3],,следующий (но) ,,прилагательное,JLPT5,6-4,2
407,着く,つく,,[sound:着く_b.mp3],,"прибывать, занимать место",,глагол,JLPT5,6-4,1
408,机,つくえ,,[sound:机_b.mp3],,стол (письм.),,дом,JLPT5,6-4,0
409,作る,つくる,,[sound:作る_b.mp3],,"делать, изготовлять",,глагол,JLPT5,6-4,2
410,点ける,つける,,[sound:点ける_b.mp3],,"зажигать, включать",,глагол,JLPT5,6-4,2
411,勤める,つとめる,,[sound:勤める_b.mp3],,"работать, служить",,глагол,JLPT5,6-4,3
412,詰らない,つまらない,,[sound:詰らない_b.mp3],,"ничтожный, бесполезный, скучный",,прилагательное,JLPT5,6-4,3
413,冷たい,つめたい,,[sound:冷たい_b.mp3],,холодный,,прилагательное,JLPT5,6-4,0
414,強い,つよい,,[sound:強い_b.mp3],,"сильный, крепкий",,прилагательное,JLPT5,6-4,2
415,手,て,,[sound:手_b.mp3],,рука,,части тела,JLPT5,6-4,1
416,テープ,テープ,,[sound:テープ_b.mp3],,"лента, магнитная пленка",,гайрайго,JLPT5,5-3,1
417,テーブル,テーブル,,[sound:テーブル_b.mp3],,стол,,гайрайго,JLPT5,5-3,0
418,テープレコーダー,テープレコーダー,,[sound:テープレコーダー_b.mp3],,магнитофон,,гайрайго,JLPT5,5-3,5
419,出掛ける,でかける,,[sound:出掛ける_b.mp3],,выходить (из дома),,глагол,JLPT5,6-4,0
420,手紙,てがみ,,[sound:手紙_b.mp3],,письмо,,почта,JLPT5,6-4,0
421,"出来る
",できる,,"[sound:出来る
_b.mp3]",,мочь,,глагол,JLPT5,6-4,2
422,出口,でぐち,,[sound:出口_b.mp3],,выход,,город,JLPT5,6-4,1
423,テスト,テスト,,[sound:テスト_b.mp3],,"тест, испытание",,гайрайго,JLPT5,5-3,1
424,では,では,,[sound:では_b.mp3],,"если, ну  итак",,междометие,JLPT5,5-3,1
425,（では）お元気で。,では）おげんきで,,[sound:（では）お元気で。_b.mp3],,берегите себя!,,этикет,JLPT5,6-4,(1)2
426,では，-又。,では、また,,[sound:では，-又。_b.mp3],,"ну, пока",,этикет,JLPT5,6-4,1-0
427,デパート,デパート,,[sound:デパート_b.mp3],,универмаг,,гайрайго,JLPT5,5-3,2
428,でも,でも,,[sound:でも_b.mp3],,"даже, все же",,"союз, частица",JLPT5,5-3,1
429,出る,でる,,[sound:出る_b.mp3],,"выходить, появляться",,глагол,JLPT5,6-4,1
430,テレビ,テレビ,,[sound:テレビ_b.mp3],,телевизор,,гайрайго,JLPT5,5-3,1
431,天気,てんき,,[sound:天気_b.mp3],,погода,,природа,JLPT5,6-4,1
432,電気,でんき,,[sound:電気_b.mp3],,"электричество, свет",,дом,JLPT5,6-4,1
433,電車,でんしゃ,,[sound:電車_b.mp3],,электричка,,транспорт,JLPT5,6-4,0.1
434,電話,でんわ,,[sound:電話_b.mp3],,телефон,,связь,JLPT5,6-4,0
435,戸,と,,[sound:戸_b.mp3],,дверь (японская),,дом,JLPT5,6-4,0
436,〜度,ど,,[sound:〜度_b.mp3],,"…градусов ( с числ. о температуре), раз",,сч. Суффиксы,JLPT5,6-4,
437,ドア,ドア,,[sound:ドア_b.mp3],,дверь (европейская),,гайрайго,JLPT5,5-3,1
438,トイレ,トイレ,,[sound:トイレ_b.mp3],,"туалет, уборная",,гайрайго,JLPT5,5-3,1
439,どう,どう,,[sound:どう_b.mp3],,как?,,местоимения,JLPT5,5-3,1
440,如何して (どうして),どうして,,[sound:如何して (どうして)_b.mp3],,почему?,,местоимения,JLPT5,6-4,1
441,何卒 (どうぞ),どうぞ,,[sound:何卒 (どうぞ)_b.mp3],,пожалуйста,,этикет,JLPT5,6-4,1
442,（どうぞ，）宜しく,どうぞ，）よろしく,,[sound:（どうぞ，）宜しく_b.mp3],,приятно познакомиться,,этикет,JLPT5,6-4,(1)0
443,動物,どうぶつ,,[sound:動物_b.mp3],,животное,,животные,JLPT5,6-4,0
444,どうも,どうも,,[sound:どうも_b.mp3],,очень; никак; что-то; спасибо,,наречие,JLPT5,5-3,1
445,どうも）有難う御座居ます・有難う-御座居ました。,どうもありがとうございます(ございました)。,,[sound:どうも）有難う御座居ます・有難う-御座居ました。_b.mp3],,большое спасибо,,этикет,JLPT5,6-4,(1)2・(1)2-4
446,十,とお,,[sound:十_b.mp3],,десять,,числа,JLPT5,6-4,1
447,遠い,とおい,,[sound:遠い_b.mp3],,далекий,,прилагательное,JLPT5,6-4,0
448,十日,とおか,,[sound:十日_b.mp3],,"десятое число, десять дней",,время,JLPT5,6-4,0
449,時々,ときどき,,[sound:時々_b.mp3],,иногда,,наречие,JLPT5,6-4,0／2
450,時計,とけい,,[sound:時計_b.mp3],,часы,,время,JLPT5,6-4,0
451,何処 (どこ),どこ,,[sound:何処 (どこ)_b.mp3],,где?,,местоимения,JLPT5,6-4,1
452,所,ところ,,[sound:所_b.mp3],,место,,,JLPT5,6-4,3
453,図書館,としょかん,,[sound:図書館_b.mp3],,библиотека,,город,JLPT5,6-4,2
454,何方 (どちら),どちら,,[sound:何方 (どちら)_b.mp3],,"где, который, кто",,местоимения,JLPT5,6-4,1
455,迚も (とても),とても,,[sound:迚も (とても)_b.mp3],,очень,,наречие,JLPT5,6-4,0
456,何方 (どなた),どなた,,[sound:何方 (どなた)_b.mp3],,вежл. кто?,,местоимения,JLPT5,6-4,1
457,隣,となり,,[sound:隣_b.mp3],,сосед,,люди,JLPT5,6-4,0
458,何の (どの),どの,,[sound:何の (どの)_b.mp3],,"какой, который",,местоимения,JLPT5,6-4,1
459,飛ぶ,とぶ,,[sound:飛ぶ_b.mp3],,"лететь, прыгать",,глагол,JLPT5,6-4,0
460,止まる,とまる,,[sound:止まる_b.mp3],,"останавливаться, прекращаться",,глагол,JLPT5,6-4,0
461,友達,ともだち,,[sound:友達_b.mp3],,друг,,люди,JLPT5,6-4,0
462,土曜日,どようび,,[sound:土曜日_b.mp3],,суббота,,дни недели,JLPT5,6-4,2
463,鳥,とり,,[sound:鳥_b.mp3],,птица,,животные,JLPT5,6-4,0
464,鳥肉,とりにく,,[sound:鳥肉_b.mp3],,"курятина, мясо птицы",,еда,JLPT5,6-4,0
465,取る,とる,,[sound:取る_b.mp3],,брать,,глагол,JLPT5,6-4,1
466,撮る,とる,,[sound:撮る_b.mp3],,"снимать, фотографировать",,глагол,JLPT5,6-4,1
467,何れ (どれ),どれ,,[sound:何れ (どれ)_b.mp3],,"какой, который",,местоимения,JLPT5,6-4,1
468,どんな,どんな,,[sound:どんな_b.mp3],,какой,,местоимения,JLPT5,5-3,1
469,無い,ない,,[sound:無い_b.mp3],,нет (чего-л.),,прилагательное,JLPT5,6-4,1
470,ナイフ,ナイフ,,[sound:ナイフ_b.mp3],,нож,,гайрайго,JLPT5,5-3,1
471,中,なか,,[sound:中_b.mp3],,"середина,внутри,в",,послелог,JLPT5,6-4,1
472,長い、永い,ながい,,[sound:長い、永い_b.mp3],,"длинный, долгий",,прилагательное,JLPT5,6-4,2
473,鳴く,なく,,[sound:鳴く_b.mp3],,"петь, чирикать, мычать, издавать звук (о животных)",,глагол,JLPT5,6-4,0
474,夏,なつ,,[sound:夏_b.mp3],,лето,,время,JLPT5,6-4,2
475,夏休み,なつやすみ,,[sound:夏休み_b.mp3],,летние каникулы,,учеба,JLPT5,6-4,3
476,〜等,など,,[sound:〜等_b.mp3],,и т д,,частицы,JLPT5,6-4,
477,七つ,ななつ,,[sound:七つ_b.mp3],,семь,,числа,JLPT5,6-4,2
478,何,"なに, なん",,[sound:何_b.mp3],,что?,,местоимения,JLPT5,6-4,1
479,七日,"なぬか, なのか",,[sound:七日_b.mp3],,"семь дней, седьмое число месяца",,время,JLPT5,6-4,0
480,名前,なまえ,,[sound:名前_b.mp3],,"имя, название, репутация",,,JLPT5,6-4,0
481,習う,ならう,,[sound:習う_b.mp3],,"учиться, изучать",,глагол,JLPT5,6-4,2
482,並ぶ,ならぶ,,[sound:並ぶ_b.mp3],,"стоять в ряд, быть подобным",,глагол,JLPT5,6-4,0
483,並べる,ならべる,,[sound:並べる_b.mp3],,ставить в ряд,,глагол,JLPT5,6-4,0
484,"為る, 成る",なる,,"[sound:為る, 成る_b.mp3]",,"становиться, делаться",,глагол,JLPT5,6-4,1
485,二,に,,[sound:二_b.mp3],,два,,числа,JLPT5,6-4,1
486,賑やか,にぎやか,,[sound:賑やか_b.mp3],,"веселый, живой, шумный, многолюдный",,прилагательное,JLPT5,6-4,2
487,肉,にく,,[sound:肉_b.mp3],,"мясо, плоть",,части тела,JLPT5,6-4,2
488,西,にし,,[sound:西_b.mp3],,запад,,геогр,JLPT5,6-4,0
489,〜日,にち,,[sound:〜日_b.mp3],,суф. числе месяца,,время,JLPT5,6-4,
490,日曜日,にちようび,,[sound:日曜日_b.mp3],,воскресенье,,дни недели,JLPT5,6-4,3
491,荷物,にもつ,,[sound:荷物_b.mp3],,"груз, багаж, вещи",,,JLPT5,6-4,1
492,ニュース,ニュース,,[sound:ニュース_b.mp3],,новости,,гайрайго,JLPT5,5-3,1
493,庭,にわ,,[sound:庭_b.mp3],,"сад, двор",,дом,JLPT5,6-4,0
494,〜人,にん,,[sound:〜人_b.mp3],,сч суффикс для людей начиная с трех,,сч. Суффиксы,JLPT5,6-4,
495,脱ぐ,ぬぐ,,[sound:脱ぐ_b.mp3],,снимать одежду,,глагол,JLPT5,6-4,1
496,ネクタイ,ネクタイ,,[sound:ネクタイ_b.mp3],,галстук,,гайрайго,JLPT5,5-3,1
497,寝る,ねる,,[sound:寝る_b.mp3],,спать,,глагол,JLPT5,6-4,0
498,〜年,ねん,,[sound:〜年_b.mp3],,…год (с числ),,время,JLPT5,6-4,
499,ノート,ノート,,[sound:ノート_b.mp3],,"записи, тетрадь",,гайрайго,JLPT5,5-3,1
500,上る,のぼる,,[sound:上る_b.mp3],,"подниматься, взбираться, ехать в столицу, возрастать",,глагол,JLPT5,6-4,
501,昇る,のぼる,,[sound:昇る_b.mp3],,"подниматься, взбираться, восходить (о солнце)",,глагол,JLPT5,6-4,
502,登る,のぼる,,[sound:登る_b.mp3],,"подниматься, взбираться",,глагол,JLPT5,6-4,0
503,飲み物,のみもの,,[sound:飲み物_b.mp3],,напиток,,еда,JLPT5,6-4,2.3
504,飲む,のむ,,[sound:飲む_b.mp3],,пить,,глагол,JLPT5,6-4,1
505,乗る,のる,,[sound:乗る_b.mp3],,"быть положенным на…, ехать в транспорте",,глагол,JLPT5,6-4,0
506,歯,は,,[sound:歯_b.mp3],,зуб,,части тела,JLPT5,6-4,1
507,パーティー,パーティー,,[sound:パーティー_b.mp3],,вечеринка,,гайрайго,JLPT5,5-3,1
508,はい,はい,,[sound:はい_b.mp3],,да,,междометие,JLPT5,5-3,1
509,〜杯,はい,,[sound:〜杯_b.mp3],,"сч суф  выпитых чашек, рюмок",,сч. Суффиксы,JLPT5,6-4,
510,灰皿,はいさら,,[sound:灰皿_b.mp3],,пепельница,,посуда,JLPT5,6-4,0
511,入る,はいる,,[sound:入る_b.mp3],,входить,,глагол,JLPT5,6-4,1
512,葉書,はがき,,[sound:葉書_b.mp3],,открытка,,почта,JLPT5,6-4,0
513,穿く／履く,はく,,[sound:穿く／履く_b.mp3],,надевать на ноги,,глагол,JLPT5,6-4,0
514,箱,はこ,,[sound:箱_b.mp3],,"ящик,коробка",,,JLPT5,6-4,0
515,橋,はし,,Перевод,,мост,,город,JLPT5,6-4,2
516,箸,はし,,[sound:箸_b.mp3],,палочки для еды,,посуда,JLPT5,6-4,1
517,始まる,はじまる,,[sound:始まる_b.mp3],,начинаться,,глагол,JLPT5,6-4,0
518,始め（に）,はじめ,,[sound:始め（に）_b.mp3],,начало,,,JLPT5,6-4,0
519,初めて,はじめて,,[sound:初めて_b.mp3],,впервые,,наречие,JLPT5,6-4,2
520,始めまして,はじめまして,,[sound:始めまして_b.mp3],,рад (приятно) познакомиться,,этикет,JLPT5,6-4,4
521,走る,はしる,,[sound:走る_b.mp3],,"бежать, ехать (о машине)",,глагол,JLPT5,6-4,2
522,バス,バス,,[sound:バス_b.mp3],,"автобус, ",,гайрайго,JLPT5,5-3,1
523,バター,バター,,[sound:バター_b.mp3],,сливочное масло,,гайрайго,JLPT5,5-3,1
524,二十歳,はたち,,[sound:二十歳_b.mp3],,20-летие,,,JLPT5,6-4,1
525,働く,はたらく,,[sound:働く_b.mp3],,работать,,глагол,JLPT5,6-4,0
526,八,はち,,[sound:八_b.mp3],,восемь,,числа,JLPT5,6-4,2
527,二十日,はつか,,[sound:二十日_b.mp3],,"20 число, 20 дней",,время,JLPT5,6-4,0
528,花,はな,,[sound:花_b.mp3],,цветок,,природа,JLPT5,6-4,2
529,鼻,はな,,[sound:鼻_b.mp3],,нос,,части тела,JLPT5,6-4,0
530,話,はなし,,[sound:話_b.mp3],,"беседа, разговор",,речь,JLPT5,6-4,3
531,話す,はなす,,[sound:話す_b.mp3],,говорить,,глагол,JLPT5,6-4,2
532,母,はは,,[sound:母_b.mp3],,мама,,семья,JLPT5,6-4,1
533,早い,はやい,,[sound:早い_b.mp3],,"ранний, быстрый",,прилагательное,JLPT5,6-4,2
534,速い,はやい,,[sound:速い_b.mp3],,"ранний, быстрый",,прилагательное,JLPT5,6-4,2
535,春,はる,,[sound:春_b.mp3],,весна,,время,JLPT5,6-4,1
536,"貼る, 張る",はる,,"[sound:貼る, 張る_b.mp3]",,"натягивать, оклеивать",,глагол,JLPT5,6-4,0
537,晴れる,はれる,,[sound:晴れる_b.mp3],,"проясняться, рассеиваться",,глагол,JLPT5,6-4,2
538,〜半,はん,,[sound:〜半_b.mp3],,"половина,полчаса",,время,JLPT5,6-4,1
539,晩,ばん,,[sound:晩_b.mp3],,вечер,,время,JLPT5,6-4,0
540,〜番,ばん,,[sound:〜番_b.mp3],,"порядок, очередь., охрана, №",,сч. Суффиксы,JLPT5,6-4,
541,パン,パン,,[sound:パン_b.mp3],,"хлеб, pão (португ.)",,гайрайго,JLPT5,5-3,1
542,ハンカチ,ハンカチ,,[sound:ハンカチ_b.mp3],,носовой платок,,гайрайго,JLPT5,5-3,"0,1,3"
543,番号,ばんごう,,[sound:番号_b.mp3],,порядковый номер,,числа,JLPT5,6-4,3
544,晩御飯,ばんごはん,,[sound:晩御飯_b.mp3],,ужин,,еда,JLPT5,6-4,3
545,半分,はんぶん,,[sound:半分_b.mp3],,половина,,числа,JLPT5,6-4,3
546,東,ひがし,,[sound:東_b.mp3],,восток,,геогр.,JLPT5,6-4,3
547,〜匹,ひき,,[sound:〜匹_b.mp3],,сч. суф. для мелких животных,,сч. Суффиксы,JLPT5,6-4,
548,引く,ひく,,[sound:引く_b.mp3],,"тянуть, тащить, проводить",,глагол,JLPT5,6-4,0
549,弾く,ひく,,[sound:弾く_b.mp3],,играть на муз. инструментах,,глагол,JLPT5,6-4,0
550,低い,ひくい,,[sound:低い_b.mp3],,низкий,,прилагательное,JLPT5,6-4,2
551,飛行機,ひこうき,,[sound:飛行機_b.mp3],,самолет,,транспорт,JLPT5,6-4,2
552,左,ひだり,,[sound:左_b.mp3],,левая сторона,,послелог,JLPT5,6-4,0
553,人,ひと,,[sound:人_b.mp3],,человек,,люди,JLPT5,6-4,0.2
554,一つ,ひとつ,,[sound:一つ_b.mp3],,один,,числа,JLPT5,6-4,2
555,一月,ひとつき,,[sound:一月_b.mp3],,один месяц,,время,JLPT5,6-4,2
556,"独り,一人",ひとり,,"[sound:独り,一人_b.mp3]",,один человек,,числа,JLPT5,6-4,2
557,暇,ひま,,[sound:暇_b.mp3],,свободное время,,досуг,JLPT5,6-4,0
558,百,ひゃく,,[sound:百_b.mp3],,сотня,,числа,JLPT5,6-4,2
559,病院,びょういん,,[sound:病院_b.mp3],,больница,,медицина,JLPT5,6-4,0
560,病気,びょうき,,[sound:病気_b.mp3],,болезнь,,медицина,JLPT5,6-4,0
561,平仮名,ひらがな,,[sound:平仮名_b.mp3],,хирагана,,речь,JLPT5,6-4,"0,3,4"
562,昼,ひる,,[sound:昼_b.mp3],,"полдень, день",,время,JLPT5,6-4,2
563,昼御飯ん,ひるごはん,,[sound:昼御飯ん_b.mp3],,обед,,еда,JLPT5,6-4,3
564,広い,ひろい,,[sound:広い_b.mp3],,"широкий, просторный",,прилагательное,JLPT5,6-4,2
565,フィルム,フィルム,,[sound:フィルム_b.mp3],,пленка,,гайрайго,JLPT5,5-3,1
566,封筒,ふうとう,,[sound:封筒_b.mp3],,конверт,,почта,JLPT5,6-4,0
567,プール,プール,,[sound:プール_b.mp3],,бассейн,,гайрайго,JLPT5,5-3,1
568,フォーク,フォーク,,[sound:フォーク_b.mp3],,вилка,,гайрайго,JLPT5,5-3,1
569,吹く,ふく,,[sound:吹く_b.mp3],,"подуть, веять, играть, хвастаться",,глагол,JLPT5,6-4,1
570,服,ふく,,[sound:服_b.mp3],,"одежда, костюм",,одежда,JLPT5,6-4,2
571,二つ,ふたつ,,[sound:二つ_b.mp3],,два,,числа,JLPT5,6-4,3
572,豚肉,ぶたにく,,[sound:豚肉_b.mp3],,свинина,,еда,JLPT5,6-4,0
573,二人,ふたり,,[sound:二人_b.mp3],,двое людей,,числа,JLPT5,6-4,3
574,二日,ふつか,,[sound:二日_b.mp3],,"второе число, два дня",,время,JLPT5,6-4,0
575,太い,ふとい,,[sound:太い_b.mp3],,"толстый, жирный",,прилагательное,JLPT5,6-4,2
576,冬,ふゆ,,[sound:冬_b.mp3],,зима,,время,JLPT5,6-4,2
577,降る,ふる,,[sound:降る_b.mp3],,идти (об осадках),,глагол,JLPT5,6-4,1
578,古い,ふるい,,[sound:古い_b.mp3],,старый,,прилагательное,JLPT5,6-4,2
579,風呂,ふろ,,[sound:風呂_b.mp3],,"яп. баня, ванна",,дом,JLPT5,6-4,1.2
580,〜分,ふん,,[sound:〜分_b.mp3],,минута,,время,JLPT5,6-4,
581,ページ,ページ,,[sound:ページ_b.mp3],,страница,,гайрайго,JLPT5,5-3,0
582,下手,へた,,[sound:下手_b.mp3],,неумелый,,прилагательное,JLPT5,6-4,2
583,ベッド,ベッド,,[sound:ベッド_b.mp3],,кровать,,гайрайго,JLPT5,5-3,1
584,部屋,へや,,[sound:部屋_b.mp3],,комната,,дом,JLPT5,6-4,2
585,辺,へん,,[sound:辺_b.mp3],,"район, местность, окрестности",,город,JLPT5,6-4,0.1
586,ペン,ペン,,[sound:ペン_b.mp3],,ручка,,гайрайго,JLPT5,5-3,1
587,勉強（する）,べんきょう（する）,,[sound:勉強（する）_b.mp3],,"занятие, учение",,учеба,JLPT5,6-4,0
588,便利,べんり,,[sound:便利_b.mp3],,удобство,,прилагательное,JLPT5,6-4,1
589,方,ほう,,[sound:方_b.mp3],,"сторона, … 〜より〜の方が - лучше…",,,JLPT5,6-4,1
590,帽子,ぼうし,,[sound:帽子_b.mp3],,шляпа,,одежда,JLPT5,6-4,0
591,ボールペン,ボールペン,,[sound:ボールペン_b.mp3],,шариковая ручка,,гайрайго,JLPT5,5-3,0
592,"外, 他",ほか,,"[sound:外, 他_b.mp3]",,другой,,послелог,JLPT5,6-4,0
593,ポケット,ポケット,,[sound:ポケット_b.mp3],,карман,,гайрайго,JLPT5,5-3,1.2
594,欲しい,ほしい,,[sound:欲しい_b.mp3],,"желательный, нужный",,прилагательное,JLPT5,6-4,2
595,細い,ほそい,,[sound:細い_b.mp3],,"тонкий, узкий",,прилагательное,JLPT5,6-4,2
596,ボタン,ボタン,,[sound:ボタン_b.mp3],,"кнопка, botão/button (португ., англ.)",,гайрайго,JLPT5,5-3,0.1
597,ホテル,ホテル,,[sound:ホテル_b.mp3],,"гостиница, отель",,гайрайго,JLPT5,5-3,1
598,本,ほん,,[sound:本_b.mp3],,книга,,культура,JLPT5,6-4,1
599,〜本,ほん,,[sound:〜本_b.mp3],,Сч. суф. для продоловатых предметов,,сч. Суффиксы,JLPT5,6-4,
600,本棚,ほんだな,,[sound:本棚_b.mp3],,книжная полка,,дом,JLPT5,6-4,1
601,本当に,ほんとうに,,[sound:本当に_b.mp3],,правда,,наречие,JLPT5,6-4,0.5
602,毎…,まい,,[sound:毎…_b.mp3],,"каждый (день, месяц, год…)",,время,JLPT5,6-4,
603,〜枚,まい,,[sound:〜枚_b.mp3],,"сч. суф. для плоских предметов (листы бумаги, доски, рубашки и т п)",,сч. Суффиксы,JLPT5,6-4,
604,毎朝,まいあさ,,[sound:毎朝_b.mp3],,каждое утро,,время,JLPT5,6-4,1
605,"毎月
","まいげつ、まいつき
",,"[sound:毎月
_b.mp3]",,каждый месяц,,время,JLPT5,6-4,0
606,毎週,まいしゅう,,[sound:毎週_b.mp3],,каждую неделю,,время,JLPT5,6-4,0
607,毎日,まいにち,,[sound:毎日_b.mp3],,каждый день,,время,JLPT5,6-4,1
608,毎年,まいねん,,[sound:毎年_b.mp3],,каждый год,,время,JLPT5,6-4,0
609,毎晩,まいばん,,[sound:毎晩_b.mp3],,каждый вечер,,время,JLPT5,6-4,0.1
610,前,まえ,,[sound:前_b.mp3],,"перед, впереди (ни) ",,послелог,JLPT5,6-4,1
611,〜前,まえ,,[sound:〜前_b.mp3],,…тому назад,,суф,JLPT5,6-4,
612,曲がる,まがる,,[sound:曲がる_b.mp3],,"гнуться, сгибаться, поворачивать",,глагол,JLPT5,6-4,0
613,不味い (まずい),まずい,,[sound:不味い (まずい)_b.mp3],,"невкусный, неумелый",,прилагательное,JLPT5,6-4,2
614,又,また,,[sound:又_b.mp3],,"опять, снова, к тому же",,наречие,JLPT5,6-4,"0,1,2"
615,未だ,まだ,,[sound:未だ_b.mp3],,"все еще, пока… ,еще не",,наречие,JLPT5,6-4,1
616,町,まち,,[sound:町_b.mp3],,город,,город,JLPT5,6-4,2
617,待つ,まつ,,[sound:待つ_b.mp3],,ждать,,глагол,JLPT5,6-4,1
618,真っ直ぐ・に,まっすぐ・に,,[sound:真っ直ぐ・に_b.mp3],,"прямо, не сворачивая",,наречие,JLPT5,6-4,3
619,マッチ,マッチ,,[sound:マッチ_b.mp3],,"спички, подходить, матч",,гайрайго,JLPT5,5-3,1
620,窓,まど,,[sound:窓_b.mp3],,окно,,дом,JLPT5,6-4,1
621,丸い、円い,まるい,,[sound:丸い、円い_b.mp3],,"круглый, завершенный",,прилагательное,JLPT5,6-4,"0,2,3"
622,万,まん,,[sound:万_b.mp3],,десять тысяч,,числа,JLPT5,6-4,1
623,万年筆,まんねんひつ,,[sound:万年筆_b.mp3],,авторучка,,учеба,JLPT5,6-4,3
624,磨く,みがく,,[sound:磨く_b.mp3],,"чистить, полировать",,глагол,JLPT5,6-4,0
625,右,みぎ,,[sound:右_b.mp3],,правый,,послелог,JLPT5,6-4,0
626,短い,みじかい,,[sound:短い_b.mp3],,короткий,,прилагательное,JLPT5,6-4,3
627,水,みず,,[sound:水_b.mp3],,вода,,природа,JLPT5,6-4,0
628,店,みせ,,[sound:店_b.mp3],,магазин,,город,JLPT5,6-4,2
629,見せる,みせる,,[sound:見せる_b.mp3],,показывать,,глагол,JLPT5,6-4,2
630,道,みち,,[sound:道_b.mp3],,"дорога, путь, улица, средство",,город,JLPT5,6-4,0
631,三日,みっか,,[sound:三日_b.mp3],,"третье число, три дня",,время,JLPT5,6-4,0
632,三つ,みっつ,,[sound:三つ_b.mp3],,три,,числа,JLPT5,6-4,0
633,皆さん,"みなさん
",,[sound:皆さん_b.mp3],,"все, всё",,местоимения,JLPT5,6-4,2
634,南,"みなみ
",,[sound:南_b.mp3],,юг,,геогр,JLPT5,6-4,0
635,耳,みみ,,[sound:耳_b.mp3],,ухо,,части тела,JLPT5,6-4,2
636,見る,みる,,[sound:見る_b.mp3],,"смотреть, осматриать",,глагол,JLPT5,6-4,1
637,皆,みんな,,[sound:皆_b.mp3],,все (разг.),,местоимение,JLPT5,6-4,3／0
638,六日,むいか,,[sound:六日_b.mp3],,"шестое число, шесть дней",,время,JLPT5,6-4,0
639,向こう,むこう,,[sound:向こう_b.mp3],,противоположная сторона,,послелог,JLPT5,6-4,0.2
640,難しい,むずかしい,,[sound:難しい_b.mp3],,трудный,,прилагательное,JLPT5,6-4,"0,4,5"
641,六つ,むっつ,,[sound:六つ_b.mp3],,шесть,,время,JLPT5,6-4,3
642,目,め,,[sound:目_b.mp3],,глаз,,части тела,JLPT5,6-4,1
643,メートル,メートル,,[sound:メートル_b.mp3],,"метр, mètre (из франц.)",,гайрайго,JLPT5,5-3,0
644,眼鏡,めがね,,[sound:眼鏡_b.mp3],,очки,,одежда,JLPT5,6-4,1
645,もう,もう,,[sound:もう_b.mp3],,еще,,наречия,JLPT5,5-3,0
646,もう,もう,,[sound:もう_b.mp3],,уже,,наречия,JLPT5,5-3,1
647,木曜日,もくようび,,[sound:木曜日_b.mp3],,четверг,,дни недели,JLPT5,6-4,3
648,もしもし,もしもし,,[sound:もしもし_b.mp3],,алло,,междометия,JLPT5,5-3,1
649,勿論,もちろん,,[sound:勿論_b.mp3],,конечно,,наречия,JLPT5,6-4,2
650,持つ,もつ,,[sound:持つ_b.mp3],,"держать, иметь, обладать, ведать",,глагол,JLPT5,6-4,1
651,もっと,もっと,,[sound:もっと_b.mp3],,еще (больше),,наречия,JLPT5,5-3,1
652,物,もの,,[sound:物_b.mp3],,вещь,,,JLPT5,6-4,0.2
653,門,もん,,[sound:門_b.mp3],,ворота,,дом,JLPT5,6-4,1
654,問題,もんだい,,[sound:問題_b.mp3],,"вопрос, проблема, дело",,речь,JLPT5,6-4,0
655,〜屋,や,,[sound:〜屋_b.mp3],,"суф. профессии, заведения, лавки",,суф,JLPT5,6-4,
656,八百屋,やおや,,[sound:八百屋_b.mp3],,"овощной магазин, зеленщик",,город,JLPT5,6-4,0
657,野菜,やさい,,[sound:野菜_b.mp3],,овощи,,еда,JLPT5,6-4,0
658,易しい,やさしい,,[sound:易しい_b.mp3],,"легкий, простой",,прилагательное,JLPT5,6-4,0.3
659,安い,やすい,,[sound:安い_b.mp3],,"дешевый, спокойный",,прилагательное,JLPT5,6-4,2
660,休み,やすみ,,[sound:休み_b.mp3],,"отдых, каникулы, перерыв",,учеба,JLPT5,6-4,3
661,休む,やすむ,,[sound:休む_b.mp3],,"отдыхать, пропускать",,глагол,JLPT5,6-4,2
662,八つ,やっつ,,[sound:八つ_b.mp3],,восемь,,числа,JLPT5,6-4,3
663,山,やま,,[sound:山_b.mp3],,гора,,природа,JLPT5,6-4,2
664,遣る,やる,,[sound:遣る_b.mp3],,делать,,глагол,JLPT5,6-4,0
665,夕方,ゆうがた,,[sound:夕方_b.mp3],,"вечер, сумерки",,время,JLPT5,6-4,0
666,郵便局,ゆうびんきょく,,[sound:郵便局_b.mp3],,почтовое отделение,,почта,JLPT5,6-4,3
667,昨夜,ゆうべ,,[sound:昨夜_b.mp3],,вчера вечером,,время,JLPT5,6-4,3 / 0
668,有名,ゆうめい,,[sound:有名_b.mp3],,"известный, знаменитый",,прилагательное,JLPT5,6-4,0
669,雪,ゆき,,[sound:雪_b.mp3],,снег,,природа,JLPT5,6-4,2
670,ゆっくり・と,ゆっくり・と,,[sound:ゆっくり・と_b.mp3],,"не спеша, медленно",,наречия,JLPT5,6-4,3
671,八日,ようか,,[sound:八日_b.mp3],,"восемь дней, восьмое число",,время,JLPT5,6-4,0
672,洋服,ようふく,,[sound:洋服_b.mp3],,"одежда, костюм (европ.)",,одежда,JLPT5,6-4,0
673,好く,よく,,[sound:好く_b.mp3],,хорошо,,наречия,JLPT5,6-4,1
674,良く,よく,,[sound:良く_b.mp3],,часто ,,наречия,JLPT5,6-4,1
675,横,よこ,,[sound:横_b.mp3],,"бок, ширина, горизонтальный",,послелог,JLPT5,6-4,0
676,四日,よっか,,[sound:四日_b.mp3],,"четвертое число, четыре дня",,время,JLPT5,6-4,0
677,四つ,よっつ,,[sound:四つ_b.mp3],,четыре,,числа,JLPT5,6-4,3
678,呼ぶ,よぶ,,[sound:呼ぶ_b.mp3],,"звать, приглашать, называться",,глагол,JLPT5,6-4,0
679,読む,よむ,,[sound:読む_b.mp3],,читать,,глагол,JLPT5,6-4,1
680,夜,よる,,[sound:夜_b.mp3],,"ночь,вечер",,время,JLPT5,6-4,1
681,来月,らいげつ,,[sound:来月_b.mp3],,в следующем месяце,,время,JLPT5,6-4,1
682,来週,らいしゅう,,[sound:来週_b.mp3],,на следующей неделе,,время,JLPT5,6-4,0
683,来年,らいねん,,[sound:来年_b.mp3],,в следующем году,,время,JLPT5,6-4,0
684,ラジオ,ラジオ,,[sound:ラジオ_b.mp3],,радио,,гайрайго,JLPT5,5-3,1
685,立派,りっぱ,,[sound:立派_b.mp3],,"прекрасный, превосходный, выдающийся",,прилагательное,JLPT5,6-4,0
686,留学生,りゅうがくせい,,[sound:留学生_b.mp3],,иностранный студент,,учеба,JLPT5,6-4,3
687,両親,りょうしん,,[sound:両親_b.mp3],,родители,,семья,JLPT5,6-4,1
688,料理,りょうり,,[sound:料理_b.mp3],,"кушанье, приготовление пищи",,еда,JLPT5,6-4,1
689,旅行,りょこう,,[sound:旅行_b.mp3],,"путешествие, поездка",,путешествия,JLPT5,6-4,0
690,零,れい,,[sound:零_b.mp3],,ноль,,числа,JLPT5,6-4,1
691,冷蔵庫,れいぞうこ,,[sound:冷蔵庫_b.mp3],,холодильник,,дом,JLPT5,6-4,3
692,レコード,レコード,,[sound:レコード_b.mp3],,"рекорд, запись ",,гайрайго,JLPT5,5-3,1.2
693,レストラン,レストラン,,[sound:レストラン_b.mp3],,ресторан,,гайрайго,JLPT5,5-3,1
694,練習（する）,れんしゅう（する）,,[sound:練習（する）_b.mp3],,"упражнения, тренировка",,учеба,JLPT5,6-4,0
695,六,ろく,,[sound:六_b.mp3],,шесть,,числа,JLPT5,6-4,2
696,ワイシャツ,ワイシャツ,,[sound:ワイシャツ_b.mp3],,мужская рубашка,,гайрайго,JLPT5,5-3,0
697,若い,わかい,,[sound:若い_b.mp3],,молодой,,прилагательное,JLPT5,6-4,2
698,分かる,わかる,,[sound:分かる_b.mp3],,"понимать, быть понятным",,глагол,JLPT5,6-4,2
699,忘れる,わすれる,,[sound:忘れる_b.mp3],,забывать ,,глагол,JLPT5,6-4,0
700,私,わたくし,,[sound:私_b.mp3],,я (офиц.),,местоимения,JLPT5,6-4,0
701,私,わたし,,[sound:私_b.mp3],,я (нейтр.),,местоимения,JLPT5,6-4,0
702,渡す,わたす,,[sound:渡す_b.mp3],,"переправлять, перевозить, вручать",,глагол,JLPT5,6-4,0
703,渡る,わたる,,[sound:渡る_b.mp3],,"переходить, переправляться, пересекать",,глагол,JLPT5,6-4,0
704,悪い,わるい,,[sound:悪い_b.mp3],,"плохой, виноватый",,прилагательное,JLPT5,6-4,2